time,customer_name,country
Wed Oct 13 15:50:57 GMT 2021,abc,india
Wed Oct 13 15:50:57 GMT 2021,xyz,
Wed Oct 13 15:50:57 GMT 2021,pqr,india
Wed Oct 13 15:50:57 GMT 2021,efg,japan
Wed Oct 13 15:50:57 GMT 2021,abc,india
Wed Oct 13 15:50:57 GMT 2021,xyz,
Wed Oct 13 15:50:57 GMT 2021,pqr,india
Wed Oct 13 15:50:57 GMT 2021,efg,japan
Wed Oct 13 15:50:57 GMT 2021,abc,india
Wed Oct 13 15:50:57 GMT 2021,xyz,
Wed Oct 13 15:50:57 GMT 2021,pqr,india
Wed Oct 13 15:50:57 GMT 2021,efg,japan
Wed Oct 13 15:50:57 GMT 2021,abc,india
Wed Oct 13 15:50:57 GMT 2021,xyz,
Wed Oct 13 15:50:57 GMT 2021,pqr,india
Wed Oct 13 15:50:57 GMT 2021,efg,japan
Wed Oct 13 16:15:45 GMT 2021,def,india
Wed Oct 13 16:15:45 GMT 2021,stu,
Wed Oct 13 16:15:45 GMT 2021,ijk,india
Wed Oct 13 16:15:45 GMT 2021,mno,japan
Wed Oct 13 16:15:45 GMT 2021,def,india
Wed Oct 13 16:15:45 GMT 2021,stu,
Wed Oct 13 16:15:45 GMT 2021,ijk,india
Wed Oct 13 16:15:45 GMT 2021,mno,japan
Wed Oct 13 16:15:45 GMT 2021,def,india
Wed Oct 13 16:15:45 GMT 2021,stu,
Wed Oct 13 16:15:45 GMT 2021,ijk,india
Wed Oct 13 16:15:45 GMT 2021,mno,japan
Wed Oct 13 16:15:45 GMT 2021,def,india
Wed Oct 13 16:15:45 GMT 2021,stu,
Wed Oct 13 16:15:45 GMT 2021,ijk,india
Wed Oct 13 16:15:45 GMT 2021,mno,japan
Wed Oct 13 15:50:57 GMT 2021,abc,india
Wed Oct 13 15:50:57 GMT 2021,xyz,
Wed Oct 13 15:50:57 GMT 2021,pqr,india
Wed Oct 13 15:50:57 GMT 2021,efg,japan
Wed Oct 13 16:15:45 GMT 2021,def,india
Wed Oct 13 16:15:45 GMT 2021,stu,
Wed Oct 13 16:15:45 GMT 2021,ijk,india
Wed Oct 13 16:15:45 GMT 2021,mno,japan
Wed Oct 13 15:50:57 GMT 2021,abc,india
Wed Oct 13 15:50:57 GMT 2021,xyz,
Wed Oct 13 15:50:57 GMT 2021,pqr,india
Wed Oct 13 15:50:57 GMT 2021,efg,japan
Wed Oct 13 16:15:45 GMT 2021,def,india
Wed Oct 13 16:15:45 GMT 2021,stu,
Wed Oct 13 16:15:45 GMT 2021,ijk,india
Wed Oct 13 16:15:45 GMT 2021,mno,japan
Wed Oct 13 15:50:57 GMT 2021,abc,india
Wed Oct 13 15:50:57 GMT 2021,xyz,
Wed Oct 13 15:50:57 GMT 2021,pqr,india
Wed Oct 13 15:50:57 GMT 2021,efg,japan
Wed Oct 13 16:15:45 GMT 2021,def,india
Wed Oct 13 16:15:45 GMT 2021,stu,
Wed Oct 13 16:15:45 GMT 2021,ijk,india
Wed Oct 13 16:15:45 GMT 2021,mno,japan
Wed Oct 13 15:50:57 GMT 2021,abc,india
Wed Oct 13 15:50:57 GMT 2021,xyz,
Wed Oct 13 15:50:57 GMT 2021,pqr,india
Wed Oct 13 15:50:57 GMT 2021,efg,japan
Wed Oct 13 16:15:45 GMT 2021,def,india
Wed Oct 13 16:15:45 GMT 2021,stu,
Wed Oct 13 16:15:45 GMT 2021,ijk,india
Wed Oct 13 16:15:45 GMT 2021,mno,japan
Wed Oct 13 15:50:57 GMT 2021,abc,india
Wed Oct 13 15:50:57 GMT 2021,xyz,
Wed Oct 13 15:50:57 GMT 2021,pqr,india
Wed Oct 13 15:50:57 GMT 2021,efg,japan
Wed Oct 13 16:15:45 GMT 2021,def,india
Wed Oct 13 16:15:45 GMT 2021,stu,
Wed Oct 13 16:15:45 GMT 2021,ijk,india
Wed Oct 13 16:15:45 GMT 2021,mno,japan
Wed Oct 13 15:50:57 GMT 2021,abc,india
Wed Oct 13 15:50:57 GMT 2021,xyz,
Wed Oct 13 15:50:57 GMT 2021,pqr,india
Wed Oct 13 15:50:57 GMT 2021,efg,japan
Wed Oct 13 16:15:45 GMT 2021,def,india
Wed Oct 13 16:15:45 GMT 2021,stu,
Wed Oct 13 16:15:45 GMT 2021,ijk,india
Wed Oct 13 16:15:45 GMT 2021,mno,japan
Wed Oct 13 15:50:57 GMT 2021,abc,india
Wed Oct 13 15:50:57 GMT 2021,xyz,
Wed Oct 13 15:50:57 GMT 2021,pqr,india
Wed Oct 13 15:50:57 GMT 2021,efg,japan
Wed Oct 13 16:15:45 GMT 2021,def,india
Wed Oct 13 16:15:45 GMT 2021,stu,
Wed Oct 13 16:15:45 GMT 2021,ijk,india
Wed Oct 13 16:15:45 GMT 2021,mno,japan
Wed Oct 13 15:50:57 GMT 2021,abc,india
Wed Oct 13 15:50:57 GMT 2021,xyz,
Wed Oct 13 15:50:57 GMT 2021,pqr,india
Wed Oct 13 15:50:57 GMT 2021,efg,japan
Wed Oct 13 16:15:45 GMT 2021,def,india
Wed Oct 13 16:15:45 GMT 2021,stu,
Wed Oct 13 16:15:45 GMT 2021,ijk,india
Wed Oct 13 16:15:45 GMT 2021,mno,japan
Wed Oct 13 15:50:57 GMT 2021,abc,india
Wed Oct 13 15:50:57 GMT 2021,xyz,
Wed Oct 13 15:50:57 GMT 2021,pqr,india
Wed Oct 13 15:50:57 GMT 2021,efg,japan
Wed Oct 13 16:15:45 GMT 2021,def,india
Wed Oct 13 16:15:45 GMT 2021,stu,
Wed Oct 13 16:15:45 GMT 2021,ijk,india
Wed Oct 13 16:15:45 GMT 2021,mno,japan
Wed Oct 13 15:50:57 GMT 2021,abc,india
Wed Oct 13 15:50:57 GMT 2021,xyz,
Wed Oct 13 15:50:57 GMT 2021,pqr,india
Wed Oct 13 15:50:57 GMT 2021,efg,japan
Wed Oct 13 16:15:45 GMT 2021,def,india
Wed Oct 13 16:15:45 GMT 2021,stu,
Wed Oct 13 16:15:45 GMT 2021,ijk,india
Wed Oct 13 16:15:45 GMT 2021,mno,japan
Wed Oct 13 15:50:57 GMT 2021,abc,india
Wed Oct 13 15:50:57 GMT 2021,xyz,
Wed Oct 13 15:50:57 GMT 2021,pqr,india
Wed Oct 13 15:50:57 GMT 2021,efg,japan
Wed Oct 13 16:15:45 GMT 2021,def,india
Wed Oct 13 16:15:45 GMT 2021,stu,
Wed Oct 13 16:15:45 GMT 2021,ijk,india
Wed Oct 13 16:15:45 GMT 2021,mno,japan
Wed Oct 13 15:50:57 GMT 2021,abc,india
Wed Oct 13 15:50:57 GMT 2021,xyz,
Wed Oct 13 15:50:57 GMT 2021,pqr,india
Wed Oct 13 15:50:57 GMT 2021,efg,japan
Wed Oct 13 16:15:45 GMT 2021,def,india
Wed Oct 13 16:15:45 GMT 2021,stu,
Wed Oct 13 16:15:45 GMT 2021,ijk,india
Wed Oct 13 16:15:45 GMT 2021,mno,japan
Wed Oct 13 15:50:57 GMT 2021,abc,india
Wed Oct 13 15:50:57 GMT 2021,xyz,
Wed Oct 13 15:50:57 GMT 2021,pqr,india
Wed Oct 13 15:50:57 GMT 2021,efg,japan
Wed Oct 13 16:15:45 GMT 2021,def,india
Wed Oct 13 16:15:45 GMT 2021,stu,
Wed Oct 13 16:15:45 GMT 2021,ijk,india
Wed Oct 13 16:15:45 GMT 2021,mno,japan
Wed Oct 13 15:50:57 GMT 2021,abc,india
Wed Oct 13 15:50:57 GMT 2021,xyz,
Wed Oct 13 15:50:57 GMT 2021,pqr,india
Wed Oct 13 15:50:57 GMT 2021,efg,japan
Wed Oct 13 16:15:45 GMT 2021,def,india
Wed Oct 13 16:15:45 GMT 2021,stu,
Wed Oct 13 16:15:45 GMT 2021,ijk,india
Wed Oct 13 16:15:45 GMT 2021,mno,japan
Wed Oct 13 15:50:57 GMT 2021,abc,india
Wed Oct 13 15:50:57 GMT 2021,xyz,
Wed Oct 13 15:50:57 GMT 2021,pqr,india
Wed Oct 13 15:50:57 GMT 2021,efg,japan
Wed Oct 13 16:15:45 GMT 2021,def,india
Wed Oct 13 16:15:45 GMT 2021,stu,
Wed Oct 13 16:15:45 GMT 2021,ijk,india
Wed Oct 13 16:15:45 GMT 2021,mno,japan
Wed Oct 13 15:50:57 GMT 2021,abc,india
Wed Oct 13 15:50:57 GMT 2021,xyz,
Wed Oct 13 15:50:57 GMT 2021,pqr,india
Wed Oct 13 15:50:57 GMT 2021,efg,japan
Wed Oct 13 16:15:45 GMT 2021,def,india
Wed Oct 13 16:15:45 GMT 2021,stu,
Wed Oct 13 16:15:45 GMT 2021,ijk,india
Wed Oct 13 16:15:45 GMT 2021,mno,japan
Wed Oct 13 15:50:57 GMT 2021,abc,india
Wed Oct 13 15:50:57 GMT 2021,xyz,
Wed Oct 13 15:50:57 GMT 2021,pqr,india
Wed Oct 13 15:50:57 GMT 2021,efg,japan
Wed Oct 13 16:15:45 GMT 2021,def,india
Wed Oct 13 16:15:45 GMT 2021,stu,
Wed Oct 13 16:15:45 GMT 2021,ijk,india
Wed Oct 13 16:15:45 GMT 2021,mno,japan
Wed Oct 13 15:50:57 GMT 2021,abc,india
Wed Oct 13 15:50:57 GMT 2021,xyz,
Wed Oct 13 15:50:57 GMT 2021,pqr,india
Wed Oct 13 15:50:57 GMT 2021,efg,japan
Wed Oct 13 16:15:45 GMT 2021,def,india
Wed Oct 13 16:15:45 GMT 2021,stu,
Wed Oct 13 16:15:45 GMT 2021,ijk,india
Wed Oct 13 16:15:45 GMT 2021,mno,japan
Wed Oct 13 15:50:57 GMT 2021,abc,india
Wed Oct 13 15:50:57 GMT 2021,xyz,
Wed Oct 13 15:50:57 GMT 2021,pqr,india
Wed Oct 13 15:50:57 GMT 2021,efg,japan
Wed Oct 13 16:15:45 GMT 2021,def,india
Wed Oct 13 16:15:45 GMT 2021,stu,
Wed Oct 13 16:15:45 GMT 2021,ijk,india
Wed Oct 13 16:15:45 GMT 2021,mno,japan
Wed Oct 13 15:50:57 GMT 2021,abc,india
Wed Oct 13 15:50:57 GMT 2021,xyz,
Wed Oct 13 15:50:57 GMT 2021,pqr,india
Wed Oct 13 15:50:57 GMT 2021,efg,japan
Wed Oct 13 16:15:45 GMT 2021,def,india
Wed Oct 13 16:15:45 GMT 2021,stu,
Wed Oct 13 16:15:45 GMT 2021,ijk,india
Wed Oct 13 16:15:45 GMT 2021,mno,japan
Wed Oct 13 15:50:57 GMT 2021,abc,india
Wed Oct 13 15:50:57 GMT 2021,xyz,
Wed Oct 13 15:50:57 GMT 2021,pqr,india
Wed Oct 13 15:50:57 GMT 2021,efg,japan
Wed Oct 13 16:15:45 GMT 2021,def,india
Wed Oct 13 16:15:45 GMT 2021,stu,
Wed Oct 13 16:15:45 GMT 2021,ijk,india
Wed Oct 13 16:15:45 GMT 2021,mno,japan
Wed Oct 13 15:50:57 GMT 2021,abc,india
Wed Oct 13 15:50:57 GMT 2021,xyz,
Wed Oct 13 15:50:57 GMT 2021,pqr,india
Wed Oct 13 15:50:57 GMT 2021,efg,japan
Wed Oct 13 16:15:45 GMT 2021,def,india
Wed Oct 13 16:15:45 GMT 2021,stu,
Wed Oct 13 16:15:45 GMT 2021,ijk,india
Wed Oct 13 16:15:45 GMT 2021,mno,japan
Wed Oct 13 15:50:57 GMT 2021,abc,india
Wed Oct 13 15:50:57 GMT 2021,xyz,
Wed Oct 13 15:50:57 GMT 2021,pqr,india
Wed Oct 13 15:50:57 GMT 2021,efg,japan
Wed Oct 13 16:15:45 GMT 2021,def,india
Wed Oct 13 16:15:45 GMT 2021,stu,
Wed Oct 13 16:15:45 GMT 2021,ijk,india
Wed Oct 13 16:15:45 GMT 2021,mno,japan
Wed Oct 13 15:50:57 GMT 2021,abc,india
Wed Oct 13 15:50:57 GMT 2021,xyz,
Wed Oct 13 15:50:57 GMT 2021,pqr,india
Wed Oct 13 15:50:57 GMT 2021,efg,japan
Wed Oct 13 16:15:45 GMT 2021,def,india
Wed Oct 13 16:15:45 GMT 2021,stu,
Wed Oct 13 16:15:45 GMT 2021,ijk,india
Wed Oct 13 16:15:45 GMT 2021,mno,japan
Wed Oct 13 15:50:57 GMT 2021,abc,india
Wed Oct 13 15:50:57 GMT 2021,xyz,
Wed Oct 13 15:50:57 GMT 2021,pqr,india
Wed Oct 13 15:50:57 GMT 2021,efg,japan
Wed Oct 13 16:15:45 GMT 2021,def,india
Wed Oct 13 16:15:45 GMT 2021,stu,
Wed Oct 13 16:15:45 GMT 2021,ijk,india
Wed Oct 13 16:15:45 GMT 2021,mno,japan
Wed Oct 13 15:50:57 GMT 2021,abc,india
Wed Oct 13 15:50:57 GMT 2021,xyz,
Wed Oct 13 15:50:57 GMT 2021,pqr,india
Wed Oct 13 15:50:57 GMT 2021,efg,japan
Wed Oct 13 16:15:45 GMT 2021,def,india
Wed Oct 13 16:15:45 GMT 2021,stu,
Wed Oct 13 16:15:45 GMT 2021,ijk,india
Wed Oct 13 16:15:45 GMT 2021,mno,japan
Wed Oct 13 15:50:57 GMT 2021,abc,india
Wed Oct 13 15:50:57 GMT 2021,xyz,
Wed Oct 13 15:50:57 GMT 2021,pqr,india
Wed Oct 13 15:50:57 GMT 2021,efg,japan
Wed Oct 13 16:15:45 GMT 2021,def,india
Wed Oct 13 16:15:45 GMT 2021,stu,
Wed Oct 13 16:15:45 GMT 2021,ijk,india
Wed Oct 13 16:15:45 GMT 2021,mno,japan
Wed Oct 13 15:50:57 GMT 2021,abc,india
Wed Oct 13 15:50:57 GMT 2021,xyz,
Wed Oct 13 15:50:57 GMT 2021,pqr,india
Wed Oct 13 15:50:57 GMT 2021,efg,japan
Wed Oct 13 16:15:45 GMT 2021,def,india
Wed Oct 13 16:15:45 GMT 2021,stu,
Wed Oct 13 16:15:45 GMT 2021,ijk,india
Wed Oct 13 16:15:45 GMT 2021,mno,japan
Wed Oct 13 15:50:57 GMT 2021,abc,india
Wed Oct 13 15:50:57 GMT 2021,xyz,
Wed Oct 13 15:50:57 GMT 2021,pqr,india
Wed Oct 13 15:50:57 GMT 2021,efg,japan
Wed Oct 13 16:15:45 GMT 2021,def,india
Wed Oct 13 16:15:45 GMT 2021,stu,
Wed Oct 13 16:15:45 GMT 2021,ijk,india
Wed Oct 13 16:15:45 GMT 2021,mno,japan
Wed Oct 13 15:50:57 GMT 2021,abc,india
Wed Oct 13 15:50:57 GMT 2021,xyz,
Wed Oct 13 15:50:57 GMT 2021,pqr,india
Wed Oct 13 15:50:57 GMT 2021,efg,japan
Wed Oct 13 16:15:45 GMT 2021,def,india
Wed Oct 13 16:15:45 GMT 2021,stu,
Wed Oct 13 16:15:45 GMT 2021,ijk,india
Wed Oct 13 16:15:45 GMT 2021,mno,japan
Wed Oct 13 15:50:57 GMT 2021,abc,india
Wed Oct 13 15:50:57 GMT 2021,xyz,
Wed Oct 13 15:50:57 GMT 2021,pqr,india
Wed Oct 13 15:50:57 GMT 2021,efg,japan
Wed Oct 13 16:15:45 GMT 2021,def,india
Wed Oct 13 16:15:45 GMT 2021,stu,
Wed Oct 13 16:15:45 GMT 2021,ijk,india
Wed Oct 13 16:15:45 GMT 2021,mno,japan
Wed Oct 13 15:50:57 GMT 2021,abc,india
Wed Oct 13 15:50:57 GMT 2021,xyz,
Wed Oct 13 15:50:57 GMT 2021,pqr,india
Wed Oct 13 15:50:57 GMT 2021,efg,japan
Wed Oct 13 16:15:45 GMT 2021,def,india
Wed Oct 13 16:15:45 GMT 2021,stu,
Wed Oct 13 16:15:45 GMT 2021,ijk,india
Wed Oct 13 16:15:45 GMT 2021,mno,japan
Wed Oct 13 15:50:57 GMT 2021,abc,india
Wed Oct 13 15:50:57 GMT 2021,xyz,
Wed Oct 13 15:50:57 GMT 2021,pqr,india
Wed Oct 13 15:50:57 GMT 2021,efg,japan
Wed Oct 13 16:15:45 GMT 2021,def,india
Wed Oct 13 16:15:45 GMT 2021,stu,
Wed Oct 13 16:15:45 GMT 2021,ijk,india
Wed Oct 13 16:15:45 GMT 2021,mno,japan
Wed Oct 13 15:50:57 GMT 2021,abc,india
Wed Oct 13 15:50:57 GMT 2021,xyz,
Wed Oct 13 15:50:57 GMT 2021,pqr,india
Wed Oct 13 15:50:57 GMT 2021,efg,japan
Wed Oct 13 16:15:45 GMT 2021,def,india
Wed Oct 13 16:15:45 GMT 2021,stu,
Wed Oct 13 16:15:45 GMT 2021,ijk,india
Wed Oct 13 16:15:45 GMT 2021,mno,japan
Wed Oct 13 15:50:57 GMT 2021,abc,india
Wed Oct 13 15:50:57 GMT 2021,xyz,
Wed Oct 13 15:50:57 GMT 2021,pqr,india
Wed Oct 13 15:50:57 GMT 2021,efg,japan
Wed Oct 13 16:15:45 GMT 2021,def,india
Wed Oct 13 16:15:45 GMT 2021,stu,
Wed Oct 13 16:15:45 GMT 2021,ijk,india
Wed Oct 13 16:15:45 GMT 2021,mno,japan
Wed Oct 13 15:50:57 GMT 2021,abc,india
Wed Oct 13 15:50:57 GMT 2021,xyz,
Wed Oct 13 15:50:57 GMT 2021,pqr,india
Wed Oct 13 15:50:57 GMT 2021,efg,japan
Wed Oct 13 16:15:45 GMT 2021,def,india
Wed Oct 13 16:15:45 GMT 2021,stu,
Wed Oct 13 16:15:45 GMT 2021,ijk,india
Wed Oct 13 16:15:45 GMT 2021,mno,japan
Wed Oct 13 15:50:57 GMT 2021,abc,india
Wed Oct 13 15:50:57 GMT 2021,xyz,
Wed Oct 13 15:50:57 GMT 2021,pqr,india
Wed Oct 13 15:50:57 GMT 2021,efg,japan
Wed Oct 13 16:15:45 GMT 2021,def,india
Wed Oct 13 16:15:45 GMT 2021,stu,
Wed Oct 13 16:15:45 GMT 2021,ijk,india
Wed Oct 13 16:15:45 GMT 2021,mno,japan
Wed Oct 13 15:50:57 GMT 2021,abc,india
Wed Oct 13 15:50:57 GMT 2021,xyz,
Wed Oct 13 15:50:57 GMT 2021,pqr,india
Wed Oct 13 15:50:57 GMT 2021,efg,japan
Wed Oct 13 16:15:45 GMT 2021,def,india
Wed Oct 13 16:15:45 GMT 2021,stu,
Wed Oct 13 16:15:45 GMT 2021,ijk,india
Wed Oct 13 16:15:45 GMT 2021,mno,japan
Wed Oct 13 15:50:57 GMT 2021,abc,india
Wed Oct 13 15:50:57 GMT 2021,xyz,
Wed Oct 13 15:50:57 GMT 2021,pqr,india
Wed Oct 13 15:50:57 GMT 2021,efg,japan
Wed Oct 13 16:15:45 GMT 2021,def,india
Wed Oct 13 16:15:45 GMT 2021,stu,
Wed Oct 13 16:15:45 GMT 2021,ijk,india
Wed Oct 13 16:15:45 GMT 2021,mno,japan
Wed Oct 13 15:50:57 GMT 2021,abc,india
Wed Oct 13 15:50:57 GMT 2021,xyz,
Wed Oct 13 15:50:57 GMT 2021,pqr,india
Wed Oct 13 15:50:57 GMT 2021,efg,japan
Wed Oct 13 16:15:45 GMT 2021,def,india
Wed Oct 13 16:15:45 GMT 2021,stu,
Wed Oct 13 16:15:45 GMT 2021,ijk,india
Wed Oct 13 16:15:45 GMT 2021,mno,japan
Wed Oct 13 15:50:57 GMT 2021,abc,india
Wed Oct 13 15:50:57 GMT 2021,xyz,
Wed Oct 13 15:50:57 GMT 2021,pqr,india
Wed Oct 13 15:50:57 GMT 2021,efg,japan
Wed Oct 13 16:15:45 GMT 2021,def,india
Wed Oct 13 16:15:45 GMT 2021,stu,
Wed Oct 13 16:15:45 GMT 2021,ijk,india
Wed Oct 13 16:15:45 GMT 2021,mno,japan
Wed Oct 13 15:50:57 GMT 2021,abc,india
Wed Oct 13 15:50:57 GMT 2021,xyz,
Wed Oct 13 15:50:57 GMT 2021,pqr,india
Wed Oct 13 15:50:57 GMT 2021,efg,japan
Wed Oct 13 16:15:45 GMT 2021,def,india
Wed Oct 13 16:15:45 GMT 2021,stu,
Wed Oct 13 16:15:45 GMT 2021,ijk,india
Wed Oct 13 16:15:45 GMT 2021,mno,japan
Wed Oct 13 15:50:57 GMT 2021,abc,india
Wed Oct 13 15:50:57 GMT 2021,xyz,
Wed Oct 13 15:50:57 GMT 2021,pqr,india
Wed Oct 13 15:50:57 GMT 2021,efg,japan
Wed Oct 13 16:15:45 GMT 2021,def,india
Wed Oct 13 16:15:45 GMT 2021,stu,
Wed Oct 13 16:15:45 GMT 2021,ijk,india
Wed Oct 13 16:15:45 GMT 2021,mno,japan
Wed Oct 13 15:50:57 GMT 2021,abc,india
Wed Oct 13 15:50:57 GMT 2021,xyz,
Wed Oct 13 15:50:57 GMT 2021,pqr,india
Wed Oct 13 15:50:57 GMT 2021,efg,japan
Wed Oct 13 16:15:45 GMT 2021,def,india
Wed Oct 13 16:15:45 GMT 2021,stu,
Wed Oct 13 16:15:45 GMT 2021,ijk,india
Wed Oct 13 16:15:45 GMT 2021,mno,japan
Wed Oct 13 15:50:57 GMT 2021,abc,india
Wed Oct 13 15:50:57 GMT 2021,xyz,
Wed Oct 13 15:50:57 GMT 2021,pqr,india
Wed Oct 13 15:50:57 GMT 2021,efg,japan
Wed Oct 13 16:15:45 GMT 2021,def,india
Wed Oct 13 16:15:45 GMT 2021,stu,
Wed Oct 13 16:15:45 GMT 2021,ijk,india
Wed Oct 13 16:15:45 GMT 2021,mno,japan
Wed Oct 13 15:50:57 GMT 2021,abc,india
Wed Oct 13 15:50:57 GMT 2021,xyz,
Wed Oct 13 15:50:57 GMT 2021,pqr,india
Wed Oct 13 15:50:57 GMT 2021,efg,japan
Wed Oct 13 16:15:45 GMT 2021,def,india
Wed Oct 13 16:15:45 GMT 2021,stu,
Wed Oct 13 16:15:45 GMT 2021,ijk,india
Wed Oct 13 16:15:45 GMT 2021,mno,japan
Wed Oct 13 15:50:57 GMT 2021,abc,india
Wed Oct 13 15:50:57 GMT 2021,xyz,
Wed Oct 13 15:50:57 GMT 2021,pqr,india
Wed Oct 13 15:50:57 GMT 2021,efg,japan
Wed Oct 13 16:15:45 GMT 2021,def,india
Wed Oct 13 16:15:45 GMT 2021,stu,
Wed Oct 13 16:15:45 GMT 2021,ijk,india
Wed Oct 13 16:15:45 GMT 2021,mno,japan
Wed Oct 13 15:50:57 GMT 2021,abc,india
Wed Oct 13 15:50:57 GMT 2021,xyz,
Wed Oct 13 15:50:57 GMT 2021,pqr,india
Wed Oct 13 15:50:57 GMT 2021,efg,japan
Wed Oct 13 16:15:45 GMT 2021,def,india
Wed Oct 13 16:15:45 GMT 2021,stu,
Wed Oct 13 16:15:45 GMT 2021,ijk,india
Wed Oct 13 16:15:45 GMT 2021,mno,japan
Wed Oct 13 15:50:57 GMT 2021,abc,india
Wed Oct 13 15:50:57 GMT 2021,xyz,
Wed Oct 13 15:50:57 GMT 2021,pqr,india
Wed Oct 13 15:50:57 GMT 2021,efg,japan
Wed Oct 13 16:15:45 GMT 2021,def,india
Wed Oct 13 16:15:45 GMT 2021,stu,
Wed Oct 13 16:15:45 GMT 2021,ijk,india
Wed Oct 13 16:15:45 GMT 2021,mno,japan
Wed Oct 13 15:50:57 GMT 2021,abc,india
Wed Oct 13 15:50:57 GMT 2021,xyz,
Wed Oct 13 15:50:57 GMT 2021,pqr,india
Wed Oct 13 15:50:57 GMT 2021,efg,japan
Wed Oct 13 16:15:45 GMT 2021,def,india
Wed Oct 13 16:15:45 GMT 2021,stu,
Wed Oct 13 16:15:45 GMT 2021,ijk,india
Wed Oct 13 16:15:45 GMT 2021,mno,japan
Wed Oct 13 15:50:57 GMT 2021,abc,india
Wed Oct 13 15:50:57 GMT 2021,xyz,
Wed Oct 13 15:50:57 GMT 2021,pqr,india
Wed Oct 13 15:50:57 GMT 2021,efg,japan
Wed Oct 13 16:15:45 GMT 2021,def,india
Wed Oct 13 16:15:45 GMT 2021,stu,
Wed Oct 13 16:15:45 GMT 2021,ijk,india
Wed Oct 13 16:15:45 GMT 2021,mno,japan
Wed Oct 13 15:50:57 GMT 2021,abc,india
Wed Oct 13 15:50:57 GMT 2021,xyz,
Wed Oct 13 15:50:57 GMT 2021,pqr,india
Wed Oct 13 15:50:57 GMT 2021,efg,japan
Wed Oct 13 16:15:45 GMT 2021,def,india
Wed Oct 13 16:15:45 GMT 2021,stu,
Wed Oct 13 16:15:45 GMT 2021,ijk,india
Wed Oct 13 16:15:45 GMT 2021,mno,japan
Wed Oct 13 15:50:57 GMT 2021,abc,india
Wed Oct 13 15:50:57 GMT 2021,xyz,
Wed Oct 13 15:50:57 GMT 2021,pqr,india
Wed Oct 13 15:50:57 GMT 2021,efg,japan
