Name,Email Address,Address ,Country,Job Title,Phone Number,Item Type,Sales Channel,Order Priority,Order Date,Order ID,Ship Date,Extra ,Aggregate,Billing Date,Units Sold,Unit Price,Unit Cost,Total Revenue,Total Cost,Total Profit
Bryce Stark,Bryce_Stark7931@jiman.org,"Unwin  Alley, 6391 Phoenix",Tajikistan,Call Center Representative,8760985251,Fruits,Offline,M,7/27/2012,443368995,7/28/2012,1000,14862.69,7/28/2012,1593,9.33,6.92,14862.69,11023.56,3839.13
Ronald Yoman,Ronald_Yoman1711@brety.org,"Birkbeck  Hill, 6425 Paris",Guyana,Fabricator,9957091491,Clothes,Online,M,9/14/2013,667593514,10/19/2013,1001,503890.08,10/19/2013,4611,109.28,35.84,503890.08,165258.24,338631.84
Cedrick Nash,Cedrick_Nash8140@nickia.com,"Burton  Avenue, 7615 London",Kosovo,Treasurer,8105200002,Meat,Offline,M,5/15/2015,940995585,6/4/2015,1002,151880.4,6/4/2015,360,421.89,364.69,151880.4,131288.4,20592
Trisha Moore,Trisha_Moore6136@gompie.com,"Bermondsey    Pass, 4888 Otawa",Benin,Physician,6721994504,Clothes,Offline,H,5/17/2017,880811536,7/2/2017,1003,61415.36,7/2/2017,562,109.28,35.84,61415.36,20142.08,41273.28
Owen Anderson,Owen_Anderson9649@gembat.biz,"Black Friars   Rue, 4615 Hollywood",Cameroon,Front Desk Coordinator,8808971028,Beverages,Offline,L,10/26/2016,174590194,12/4/2016,1004,188518.85,12/4/2016,3973,47.45,31.79,188518.85,126301.67,62217.18
Aleksandra Spencer,Aleksandra_Spencer2376@irrepsy.com,"Linda Lane Walk, 1666 Fayetteville",Finland,Cash Manager,8741000652,Fruits,Online,L,11/7/2011,830192887,12/18/2011,1005,12866.07,12/18/2011,1379,9.33,6.92,12866.07,9542.68,3323.39
Joy Collingwood,Joy_Collingwood1530@sveldo.biz,"Earl Rise Walk, 9364 Honolulu",Greece,Health Educator,9698005702,Beverages,Online,M,1/18/2013,425793445,2/16/2013,1006,28327.65,2/16/2013,597,47.45,31.79,28327.65,18978.63,9349.02
Kaylee Jefferson,Kaylee_Jefferson4952@deavo.com,"Birkin   Boulevard, 979 Los Angeles",Saint Vincent and the Grenadines,Healthcare Specialist,9665926938,Beverages,Online,L,11/30/2016,659878194,1/16/2017,1007,70036.2,1/16/2017,1476,47.45,31.79,70036.2,46922.04,23114.16
Nicholas Pickard,Nicholas_Pickard9427@ubusive.com,"Bloomsbury  Rue, 6951 Fullerton",Switzerland,HR Specialist,7359207916,Office Supplies,Online,L,3/23/2017,601245963,4/15/2017,1008,583484.16,4/15/2017,896,651.21,524.96,583484.16,470364.16,113120
Peyton Clark,Peyton_Clark2286@dionrab.com,"Heritage Road, 6869 Salem",Poland,Treasurer,8624882571,Cosmetics,Offline,L,5/23/2016,739008080,5/24/2016,1009,3396169.6,5/24/2016,7768,437.2,263.33,3396169.6,2045547.44,1350622.16
Fred Lyon,Fred_Lyon3255@infotech44.tech,"Underwood  Pass, 8360 Charlotte",,Call Center Representative,8935189582,Fruits,Offline,M,2/9/2014,732588374,2/23/2014,1010,74957.22,2/23/2014,8034,9.33,6.92,74957.22,55595.28,19361.94
Clint Hammond,Clint_Hammond1197@nanoff.biz,"Linden Grove, 2386 Houston",Macedonia,Software Engineer,7866232105,Cosmetics,Online,M,2/18/2011,761723172,2/24/2011,1011,4227286.8,2/24/2011,9669,437.2,263.33,4227286.8,2546137.77,1681149.03
Jules Wright,Jules_Wright6963@irrepsy.com,"Maple Boulevard, 686 Lisbon",,Treasurer,9077259575,Snacks,Online,C,1/28/2013,176461303,2/7/2013,1012,1171204.08,2/7/2013,7676,152.58,97.44,1171204.08,747949.44,423254.64
Ivy Hamilton,Ivy_Hamilton8120@fuliss.net,"Collins  Route, 9646 Nashville",Benin,Chef Manager,6360460366,Clothes,Offline,L,6/20/2011,647164094,7/14/2011,1013,993573.76,7/14/2011,9092,109.28,35.84,993573.76,325857.28,667716.48
Eden Whittle,Eden_Whittle8037@ovock.tech,"Aspen Pass, 2240 Laredo",Vanuatu,CNC Operator,8987895914,Personal Care,Online,M,4/4/2010,314505374,5/6/2010,1014,652532.32,5/6/2010,7984,81.73,56.67,652532.32,452453.28,200079.04
Cedrick Ashwell,Cedrick_Ashwell6431@jiman.org,"Edwin   Pass, 5293 Orlando",Bangladesh,Banker,7785303854,Personal Care,Online,M,6/19/2014,539471471,7/21/2014,1015,36860.23,7/21/2014,451,81.73,56.67,36860.23,25558.17,11302.06
Maddison Yates,Maddison_Yates7962@gmail.com,"Arthur  Vale, 8460 Madison",Egypt,Restaurant Manager,7040411621,Office Supplies,Offline,C,3/28/2011,953361213,4/8/2011,1016,6266593.83,4/8/2011,9623,651.21,524.96,6266593.83,5051690.08,1214903.75
Sydney Carter,Sydney_Carter4108@nickia.com,"Ellerslie Grove, 3373 San Diego",San Marino,Healthcare Specialist,8219332446,Cosmetics,Online,M,7/7/2011,807785928,7/25/2011,1017,289426.4,7/25/2011,662,437.2,263.33,289426.4,174324.46,115101.94
Julian Mcleod,Julian_Mcleod4166@gmail.com,"Cavell   Hill, 2356 Prague",Belarus,Lecturer,9310962104,Cosmetics,Online,M,12/7/2015,324669444,1/18/2016,1018,2517397.6,1/18/2016,5758,437.2,263.33,2517397.6,1516254.14,1001143.46
Lillian Harrison,Lillian_Harrison518@atink.com,"Hickory Lane Grove, 1024 Ontario",Jordan,Designer,8311623602,Personal Care,Online,C,1/19/2011,246248090,2/21/2011,1019,746767.01,2/21/2011,9137,81.73,56.67,746767.01,517793.79,228973.22
Tiffany Matthews,Tiffany_Matthews5244@zorer.org,"Wakley   Rue, 710 Albuquerque",Colombia,Clerk,8374879835,Office Supplies,Online,C,12/31/2010,485070693,1/31/2011,1020,1336282.92,1/31/2011,2052,651.21,524.96,1336282.92,1077217.92,259065
Aiden Stevens,Aiden_Stevens3669@ovock.tech,"Littlebury  Road, 2849 Oakland",Saint Lucia,Treasurer,6200106813,Household,Online,C,10/28/2015,573998582,12/7/2015,1021,5206491.57,12/7/2015,7791,668.27,502.54,5206491.57,3915289.14,1291202.43
Keira Vallory,Keira_Vallory2182,"Ellerman   Drive, 8933 Huntsville",Maldives,Web Developer,6243814990,Vegetables,Online,M,4/13/2015,116205585,6/2/2015,1022,1027580.2,6/2/2015,6670,154.06,90.93,1027580.2,606503.1,421077.1
Chester Shaw,Chester_Shaw7749,"Hamilton  Route, 5659 Oklahoma City","Sudan, South",Associate Professor,8414347505,Cosmetics,Online,L,5/1/2015,135178029,5/16/2015,1023,453813.6,5/16/2015,1038,437.2,263.33,453813.6,273336.54,180477.06
Teagan Powell,Teagan_Powell269,"Arundel   Avenue, 482 Albuquerque",Germany,Banker,7998794194,Baby Food,Offline,H,8/25/2011,824714744,9/24/2011,1024,69946.72,9/24/2011,274,255.28,159.42,69946.72,43681.08,26265.64
Luke Glass,Luke_Glass8190,"Magnolia Pass, 973 Toledo",Germany,Banker,7340880123,Office Supplies,Online,M,2/10/2016,198927056,3/29/2016,1025,3771157.11,3/29/2016,5791,651.21,524.96,3771157.11,3040043.36,731113.75
Zara Addis,Zara_Addis5536,"Pine Crossroad, 8848 Lisbon",Benin,Mobile Developer,6426478704,Cosmetics,Online,M,2/28/2015,842238795,3/15/2015,1026,2636753.2,3/15/2015,6031,437.2,263.33,2636753.2,1588143.23,1048609.97
Goldie Lewis,Goldie_Lewis5231,"Queensberry  Grove, 3693 Saint Paul",Saudi Arabia,Design Engineer,6899347118,Household,Offline,C,6/13/2011,459386289,7/21/2011,1027,979683.82,7/21/2011,1466,668.27,502.54,979683.82,736723.64,242960.18
Wade Wilton,Wade_Wilton7049,"Comet House  Crossroad, 8097 Laredo",South Africa,Lecturer,8284146253,Office Supplies,Online,M,6/23/2012,425418365,7/6/2012,1028,6253569.63,7/6/2012,9603,651.21,524.96,6253569.63,5041190.88,1212378.75
Gil Hogg,Gil_Hogg1602@liret.org,"Apothecary   Grove, 1984 Huntsville",Tonga,Biologist,7016381302,Household,Offline,H,9/1/2011,835696351,10/21/2011,1029,6666661.52,10/21/2011,9976,668.27,502.54,6666661.52,5013339.04,1653322.48
Henry Ellwood,Henry_Ellwood7217@twace.org,"Callcott   Way, 6616 Quebec",Malta,Stockbroker,9233586630,Beverages,Online,M,11/13/2014,955894076,12/28/2014,1030,434357.3,12/28/2014,9154,47.45,31.79,434357.3,291005.66,143351.64
Esmeralda Turner,Esmeralda_Turner1574@irrepsy.com,"Blore  Tunnel, 275 Springfield",China,Staffing Consultant,9850944032,Fruits,Online,C,11/3/2013,571997869,11/11/2013,1031,53507.55,11/11/2013,5735,9.33,6.92,53507.55,39686.2,13821.35
Ronald Hastings,Ronald_Hastings833@elnee.tech,"Eldon  Alley, 9216 Denver",Austria,Clerk,9234537408,Snacks,Online,L,10/10/2012,440306556,11/20/2012,1032,816150.42,11/20/2012,5349,152.58,97.44,816150.42,521206.56,294943.86
Lucas Jackson,Lucas_Jackson2685@bretoux.com,"Monroe Lane, 1885 Kansas City",Indonesia,CNC Operator,6816662434,Household,Online,L,12/5/2016,937431466,12/8/2016,1033,3780403.39,12/8/2016,5657,668.27,502.54,3780403.39,2842868.78,937534.61
Logan Dubois,Logan_Dubois5135@dionrab.com,"Kimberley  Route, 9079 Berna",Sudan,Auditor,6719137891,Snacks,Online,L,9/8/2013,710296428,10/25/2013,1034,206288.16,10/25/2013,1352,152.58,97.44,206288.16,131738.88,74549.28
Martha Mcleod,Martha_Mcleod6942@yahoo.com,"Birkenhead   Pass, 5922 Stockton",Cuba,Paramedic,7447263547,Cosmetics,Online,H,3/22/2014,726137769,4/26/2014,1035,4003440.4,4/26/2014,9157,437.2,263.33,4003440.4,2411312.81,1592127.59
Georgia Collis,Georgia_Collis8353@tonsy.org,"Battis   Crossroad, 1210 Milano",Benin,Front Desk Coordinator,9887949902,Personal Care,Online,H,11/1/2011,222504317,11/20/2011,1036,231050.71,11/20/2011,2827,81.73,56.67,231050.71,160206.09,70844.62
Barney Todd,Barney_Todd3002@bulaffy.com,"Woodland Vale, 5267 Reno",Denmark,Treasurer,7074421807,Household,Offline,H,1/15/2016,757257401,1/31/2016,1037,5445063.96,1/31/2016,8148,668.27,502.54,5445063.96,4094695.92,1350368.04
Bob Calderwood,Bob_Calderwood8389@vetan.org,"Argyle  Route, 4768 Richmond",Germany,Bookkeeper,8721909871,Cosmetics,Online,H,11/29/2010,358570849,12/28/2010,1038,3470056.4,12/28/2010,7937,437.2,263.33,3470056.4,2090050.21,1380006.19
Jocelyn Campbell,Jocelyn_Campbell2681@liret.org,"Paris   Way, 555 Denver",United Kingdom,Design Engineer,8120548776,Household,Offline,C,11/19/2011,274930989,12/13/2011,1039,4707293.88,12/13/2011,7044,668.27,502.54,4707293.88,3539891.76,1167402.12
Johnathan Pratt,Johnathan_Pratt2477@brety.org,"Dunton  Crossroad, 4224 Fort Lauderdale",Netherlands,Laboratory Technician,6936135545,Clothes,Offline,L,7/6/2016,925136649,7/13/2016,1040,802989.44,7/13/2016,7348,109.28,35.84,802989.44,263352.32,539637.12
Marina Vane,Marina_Vane129@acrit.org,"Black Friars   Grove, 7338 Richmond",Côte d’Ivoire,Executive Director,6590963743,Clothes,Offline,L,11/11/2015,548299157,12/28/2015,1041,301612.8,12/28/2015,2760,109.28,35.84,301612.8,98918.4,202694.4
Beatrice Kelly,Beatrice_Kelly2000@muall.tech,"Canning  Grove, 8820 Louisville",Mauritania,Restaurant Manager,7770161874,Cereal,Offline,L,5/28/2013,153842341,7/16/2013,1042,868465.4,7/16/2013,4222,205.7,117.11,868465.4,494438.42,374026.98
Phoebe Ross,Phoebe_Ross5059@gmail.com,"Shepherds  Walk, 6069 Fremont",Thailand,Dentist,9972632893,Beverages,Offline,H,9/8/2013,371502530,10/13/2013,1043,223442.05,10/13/2013,4709,47.45,31.79,223442.05,149699.11,73742.94
Maya Harrison,Maya_Harrison5531@gembat.biz,"Collins  Avenue, 6023 Long Beach",Bangladesh,Physician,8662209746,Household,Online,M,12/17/2010,101328551,12/28/2010,1044,2823440.75,12/28/2010,4225,668.27,502.54,2823440.75,2123231.5,700209.25
Jacqueline Bryant,Jacqueline_Bryant165@womeona.net,"Empress  Tunnel, 9535 Boston",Laos,Cook,9723577637,Cosmetics,Online,M,9/8/2015,563681733,9/9/2015,1045,2101183.2,9/9/2015,4806,437.2,263.33,2101183.2,1265563.98,835619.22
Alexander Holt,Alexander_Holt8808@qater.org,"Cephas  Walk, 9482 Innsbruck",Australia,Restaurant Manager,6892214138,Clothes,Offline,M,11/17/2012,349235904,12/2/2012,1046,603225.6,12/2/2012,5520,109.28,35.84,603225.6,197836.8,405388.8
John Mooney,John_Mooney81@deons.tech,"West Vale, 3799 Detroit",Lesotho,Call Center Representative,6574511517,Cosmetics,Online,H,5/9/2011,368977391,6/2/2011,1047,3263260.8,6/2/2011,7464,437.2,263.33,3263260.8,1965495.12,1297765.68
Josh Ross,Josh_Ross9325@acrit.org,"Berriman  Crossroad, 3466 Hollywood",East Timor (Timor-Leste),Cook,9343099659,Meat,Online,L,3/8/2017,704205024,4/18/2017,1048,3699975.3,4/18/2017,8770,421.89,364.69,3699975.3,3198331.3,501644
Nathan Stewart,Nathan_Stewart2466@ubusive.com,"Bayberry Pass, 8104 Stockton",Panama,Project Manager,6532052938,Fruits,Offline,H,10/20/2014,156530129,11/29/2014,1049,89558.67,11/29/2014,9599,9.33,6.92,89558.67,66425.08,23133.59
Mabel Clarke,Mabel_Clarke3164@womeona.net,"South Crossroad, 8267 El Paso",Mauritius,Budget Analyst,7860242988,Meat,Offline,L,3/16/2016,297876536,4/20/2016,1050,3012716.49,4/20/2016,7141,421.89,364.69,3012716.49,2604251.29,408465.2
Nicholas Woods,Nicholas_Woods2826@bungar.biz,"Monroe Rue, 1144 Tallahassee",Ethiopia,Banker,8586115246,Household,Online,C,9/28/2011,520480573,9/28/2011,1051,416332.21,9/28/2011,623,668.27,502.54,416332.21,313082.42,103249.79
Sebastian Anderson,Sebastian_Anderson6546@qater.org,"Blore  Way, 6599 Albuquerque",Eritrea,Accountant,8041044713,Office Supplies,Offline,C,10/2/2011,286891067,10/4/2011,1052,4100669.37,10/4/2011,6297,651.21,524.96,4100669.37,3305673.12,794996.25
Johnny Graham,Johnny_Graham6391@yahoo.com,"Carnegie   Drive, 4764 Cincinnati",Maldives,Retail Trainee,8735451676,Cosmetics,Offline,H,7/1/2012,479969346,7/20/2012,1053,1071140,7/20/2012,2450,437.2,263.33,1071140,645158.5,425981.5
Jack Pickard,Jack_Pickard8236@famism.biz,"Walnut Tunnel, 1417 Memphis",Cyprus,Audiologist,7675696844,Meat,Online,C,2/4/2015,252889239,2/19/2015,1054,1856737.89,2/19/2015,4401,421.89,364.69,1856737.89,1605000.69,251737.2
Eden Bell,Eden_Bell9970@zorer.org,"Besson  Walk, 1887 London",Afghanistan,Clerk,9146581006,Meat,Online,H,2/21/2014,179137074,3/14/2014,1055,4006267.44,3/14/2014,9496,421.89,364.69,4006267.44,3463096.24,543171.2
Percy Flack,Percy_Flack5791@twipet.com,"Jackson Alley, 1356 Fort Lauderdale",Tuvalu,Service Supervisor,6499318195,Clothes,Offline,M,9/4/2016,902511680,9/8/2016,1056,231345.76,9/8/2016,2117,109.28,35.84,231345.76,75873.28,155472.48
Sienna Sheldon,Sienna_Sheldon6208@yahoo.com,"Calvin   Alley, 3786 Reno",Mongolia,Auditor,7710266361,Cereal,Online,H,8/22/2015,887124383,10/8/2015,1057,1784241.8,10/8/2015,8674,205.7,117.11,1784241.8,1015812.14,768429.66
Joseph Briggs,Joseph_Briggs5893@yahoo.com,"Kilner   Drive, 6577 Henderson",Monaco,Designer,6017856702,Beverages,Offline,M,5/29/2016,467399013,6/14/2016,1058,123797.05,6/14/2016,2609,47.45,31.79,123797.05,82940.11,40856.94
Ryan Foxley,Ryan_Foxley7298@irrepsy.com,"Arthur  Crossroad, 657 Philadelphia",Mongolia,Pharmacist,7198601731,Cereal,Online,H,4/11/2010,498071897,5/26/2010,1059,1932962.9,5/26/2010,9397,205.7,117.11,1932962.9,1100482.67,832480.23
Phillip Crawley,Phillip_Crawley1119@eirey.tech,"York Walk, 1185 Quebec",Morocco,Cashier,6629745967,Personal Care,Offline,M,2/6/2016,104191863,2/11/2016,1060,126109.39,2/11/2016,1543,81.73,56.67,126109.39,87441.81,38667.58
Tom Yoman,Tom_Yoman4395@nimogy.biz,"Durnford  Route, 1617 Rochester",Nauru,Bellman,6879467145,Fruits,Offline,L,12/12/2015,731120240,1/12/2016,1061,33410.73,1/12/2016,3581,9.33,6.92,33410.73,24780.52,8630.21
Joseph Hunt,Joseph_Hunt7006@twipet.com,"Lexington Walk, 5083 Minneapolis",United Kingdom,Service Supervisor,6629453263,Cereal,Online,M,11/15/2011,294530856,12/28/2011,1062,1456356,12/28/2011,7080,205.7,117.11,1456356,829138.8,627217.2
Chad Edwards,Chad_Edwards3483@bulaffy.com,"Norland  Drive, 8347 New York",Namibia,Investment  Advisor,8641693267,Office Supplies,Offline,C,7/29/2014,830410039,8/27/2014,1063,3672173.19,8/27/2014,5639,651.21,524.96,3672173.19,2960249.44,711923.75
Kaylee Mackenzie,Kaylee_Mackenzie3931@yahoo.com,"Carnegie   Avenue, 7068 Fort Lauderdale",Australia,Ambulatory Nurse,8063923220,Fruits,Online,L,11/19/2016,845056617,11/30/2016,1064,92245.71,11/30/2016,9887,9.33,6.92,92245.71,68418.04,23827.67
Bryce Edwards,Bryce_Edwards7986@grannar.com,"Bingham   Boulevard, 3348 Oakland",Zambia,Web Developer,6500395175,Beverages,Online,H,9/13/2012,265081918,10/12/2012,1065,117913.25,10/12/2012,2485,47.45,31.79,117913.25,78998.15,38915.1
Ron Douglas,Ron_Douglas9532@acrit.org,"Norland  Lane, 1664 San Francisco",Mali,Dentist,6326651012,Cereal,Online,C,11/30/2015,887409770,12/5/2015,1066,643018.2,12/5/2015,3126,205.7,117.11,643018.2,366085.86,276932.34
Chadwick Larkin,Chadwick_Larkin7265@bulaffy.com,"South Street, 189 Henderson",Afghanistan,Stockbroker,6966534772,Beverages,Online,H,3/9/2011,529276502,4/9/2011,1067,167640.85,4/9/2011,3533,47.45,31.79,167640.85,112314.07,55326.78
Leroy Mooney,Leroy_Mooney8616@sveldo.biz,"Eldon  Boulevard, 5306 Rochester",Solomon Islands,Budget Analyst,6822573940,Baby Food,Offline,M,10/2/2010,678230941,11/3/2010,1068,628499.36,11/3/2010,2462,255.28,159.42,628499.36,392492.04,236007.32
Elise Smith,Elise_Smith4974@deons.tech,"Virginia Road, 8108 Innsbruck",India,Pharmacist,7747262103,Vegetables,Offline,C,10/9/2012,642134416,11/27/2012,1069,107533.88,11/27/2012,698,154.06,90.93,107533.88,63469.14,44064.74
Davina Harrington,Davina_Harrington258@hourpy.biz,"Bermondsey    Walk, 1457 Salt Lake City",Equatorial Guinea,Inspector,8846699565,Fruits,Online,L,9/5/2012,699160754,9/15/2012,1070,56530.47,9/15/2012,6059,9.33,6.92,56530.47,41928.28,14602.19
Britney Lakey,Britney_Lakey2541@corti.com,"Virgil   Drive, 8529 Philadelphia",Bhutan,Associate Professor,7942797246,Household,Offline,M,7/16/2014,747796285,7/24/2014,1071,5608790.11,7/24/2014,8393,668.27,502.54,5608790.11,4217818.22,1390971.89
Janice Bolton,Janice_Bolton4321@joiniaa.com,"Western   Lane, 9917 Toledo",Samoa,Staffing Consultant,9585368457,Beverages,Online,M,2/19/2012,756839835,3/13/2012,1072,217368.45,3/13/2012,4581,47.45,31.79,217368.45,145629.99,71738.46
Mark Baldwin,Mark_Baldwin7437@deons.tech,"Lexington Hill, 7082 Atlanta",Vatican City,Retail Trainee,9921605990,Personal Care,Online,H,6/14/2015,315402734,8/2/2015,1073,288752.09,8/2/2015,3533,81.73,56.67,288752.09,200215.11,88536.98
Vanessa Varndell,Vanessa_Varndell8565@hourpy.biz,"Camden  Rue, 8234 Lakewood",Chile,Service Supervisor,7893344178,Clothes,Online,C,8/9/2016,882908809,8/24/2016,1074,130261.76,8/24/2016,1192,109.28,35.84,130261.76,42721.28,87540.48
Nick Clarke,Nick_Clarke7238@supunk.biz,"Meadow Grove, 2073 Washington",Barbados,Loan Officer,7646131546,Baby Food,Online,L,5/11/2016,839094388,5/31/2016,1075,1411953.68,5/31/2016,5531,255.28,159.42,1411953.68,881752.02,530201.66
Lindsay Devonport,Lindsay_Devonport5132@brety.org,"Thomas More   Lane, 3184 Murfreesboro",Lebanon,Software Engineer,8966947133,Fruits,Offline,C,9/30/2012,434008300,11/14/2012,1076,14508.15,11/14/2012,1555,9.33,6.92,14508.15,10760.6,3747.55
Hope Lloyd,Hope_Lloyd2617@grannar.com,"Walnut Vale, 3076 Honolulu",East Timor (Timor-Leste),Investment  Advisor,8119674097,Beverages,Online,L,6/12/2012,438011872,7/18/2012,1077,298982.45,7/18/2012,6301,47.45,31.79,298982.45,200308.79,98673.66
Chadwick Attwood,Chadwick_Attwood9355@gmail.com,"Castlereagh   Vale, 2837 Santa Ana",Guatemala,Machine Operator,8256481344,Clothes,Online,M,11/2/2011,791778934,12/1/2011,1078,419198.08,12/1/2011,3836,109.28,35.84,419198.08,137482.24,281715.84
Destiny Edler,Destiny_Edler5101@bretoux.com,"Adams  Grove, 9174 Albuquerque",Cambodia,Insurance Broker,8398620168,Cereal,Offline,M,12/7/2015,156295812,12/30/2015,1079,53276.3,12/30/2015,259,205.7,117.11,53276.3,30331.49,22944.81
Elijah Jarvis,Elijah_Jarvis6500@twace.org,"Bacton   Crossroad, 379 San Francisco",Serbia,Ambulatory Nurse,7973192223,Fruits,Online,C,11/20/2011,862861335,11/22/2011,1080,81161.67,11/22/2011,8699,9.33,6.92,81161.67,60197.08,20964.59
Hadley Cassidy,Hadley_Cassidy2379@typill.biz,"Wadham  Street, 1566 London",Armenia,Inspector,8109282649,Household,Offline,M,8/19/2010,363086831,9/7/2010,1081,2884921.59,9/7/2010,4317,668.27,502.54,2884921.59,2169465.18,715456.41
Johnathan Flanders,Johnathan_Flanders97@yahoo.com,"Virginia Vale, 8721 Lisbon",India,Design Engineer,8015401877,Personal Care,Offline,L,10/22/2012,678896129,10/31/2012,1082,760579.38,10/31/2012,9306,81.73,56.67,760579.38,527371.02,233208.36
Ramon Duvall,Ramon_Duvall5758@deavo.com,"Bellenden  Boulevard, 4271 San Jose",Bosnia and Herzegovina,Insurance Broker,9412924368,Baby Food,Offline,H,7/19/2012,752525556,8/13/2012,1083,2014159.2,8/13/2012,7890,255.28,159.42,2014159.2,1257823.8,756335.4
Tiffany Cox,Tiffany_Cox5329@dionrab.com,"Epworth  Hill, 6975 Detroit",Burkina Faso,Mobile Developer,7110340675,Fruits,Offline,M,5/29/2016,496523940,6/4/2016,1084,12343.59,6/4/2016,1323,9.33,6.92,12343.59,9155.16,3188.43
Juliet Newman,Juliet_Newman1456@twace.org,"Bethwin  Way, 8988 Nashville",Netherlands,Call Center Representative,6860008259,Baby Food,Online,L,11/11/2016,343752610,11/16/2016,1085,738014.48,11/16/2016,2891,255.28,159.42,738014.48,460883.22,277131.26
Isabel Roberts,Isabel_Roberts1661@liret.org,"Garfield Rue, 8182 Tallahassee",Monaco,IT Support Staff,6465487289,Office Supplies,Online,H,3/29/2011,797385394,4/11/2011,1086,1896974.73,4/11/2011,2913,651.21,524.96,1896974.73,1529208.48,367766.25
Javier Reyes,Javier_Reyes9540@cispeto.com,"Sheffield Lane, 3155 St. Louis",Vatican City,Systems Administrator,6154615964,Fruits,Online,C,1/27/2013,180908620,3/3/2013,1087,34856.88,3/3/2013,3736,9.33,6.92,34856.88,25853.12,9003.76
Callie Durrant,Callie_Durrant9138@gompie.com,"Camelot   Hill, 8219 Lakewood",Saint Kitts and Nevis,Restaurant Manager,8188977788,Fruits,Offline,L,6/18/2010,488121116,6/30/2010,1088,44224.2,6/30/2010,4740,9.33,6.92,44224.2,32800.8,11423.4
Chester James,Chester_James5393@bulaffy.com,"Maple Route, 302 New York",Mali,Design Engineer,9152094082,Cereal,Online,M,4/16/2015,633134210,4/18/2015,1089,1509220.9,4/18/2015,7337,205.7,117.11,1509220.9,859236.07,649984.83
Gina Ingham,Gina_Ingham2582@nanoff.biz,"Burton  Grove, 9879 Fullerton",Saint Kitts and Nevis,Cash Manager,7348049115,Meat,Online,M,12/28/2013,500371730,2/15/2014,1090,4205821.41,2/15/2014,9969,421.89,364.69,4205821.41,3635594.61,570226.8
John Snell,John_Snell9484@bretoux.com,"Hammersmith  Tunnel, 2646 Fayetteville",Switzerland,Stockbroker,7289553764,Clothes,Online,L,10/17/2016,494570004,10/26/2016,1091,339860.8,10/26/2016,3110,109.28,35.84,339860.8,111462.4,228398.4
Alex Collingwood,Alex_Collingwood3398@infotech44.tech,"Boldero   Lane, 9175 Valetta",Jamaica,Mobile Developer,8743626032,Personal Care,Online,H,1/21/2016,190777862,2/19/2016,1092,348496.72,2/19/2016,4264,81.73,56.67,348496.72,241640.88,106855.84
Makenzie Saunders,Makenzie_Saunders4153@bretoux.com,"Bales  Tunnel, 3896 Irving",Oman,Operator,9608517730,Cosmetics,Online,M,10/7/2012,584356629,10/25/2012,1093,1297172.4,10/25/2012,2967,437.2,263.33,1297172.4,781300.11,515872.29
Johnny Morley,Johnny_Morley8908@infotech44.tech,"Chesterfield  Walk, 7913 Colorado Springs",Belgium,IT Support Staff,9444628032,Beverages,Online,M,10/11/2012,940980136,11/4/2012,1094,274640.6,11/4/2012,5788,47.45,31.79,274640.6,184000.52,90640.08
Cassidy Flynn,Cassidy_Flynn5220@hourpy.biz,"Bloomsbury  Vale, 784 Dallas","Korea, South",Treasurer,6902491674,Baby Food,Offline,H,6/6/2015,146634709,6/12/2015,1095,337990.72,6/12/2015,1324,255.28,159.42,337990.72,211072.08,126918.64
Mona Russell,Mona_Russell7927@guentu.biz,"Cam  Drive, 9891 San Bernardino",Nauru,Steward,7667542114,Meat,Online,M,4/30/2017,757619178,5/14/2017,1096,2196359.34,5/14/2017,5206,421.89,364.69,2196359.34,1898576.14,297783.2
Chadwick Drew,Chadwick_Drew20@dionrab.com,"Zealand Street, 1043 Jacksonville",Iran,Investment  Advisor,6408903513,Meat,Offline,H,3/1/2016,450544869,3/12/2016,1097,2149107.66,3/12/2016,5094,421.89,364.69,2149107.66,1857730.86,291376.8
Maia Wood,Maia_Wood7386,"Camelot   Drive, 2172 London",Guatemala,Lecturer,7008001685,Cereal,Offline,C,6/20/2014,572335612,8/5/2014,1098,1168581.7,8/5/2014,5681,205.7,117.11,1168581.7,665301.91,503279.79
Wade Holmes,Wade_Holmes2988,"Carol   Hill, 8117 Tokyo",Cameroon,CNC Operator,8440204058,Baby Food,Online,L,11/3/2015,290227735,12/7/2015,1099,942238.48,12/7/2015,3691,255.28,159.42,942238.48,588419.22,353819.26
Leroy Ellis,Leroy_Ellis1083,"Belmont Park Crossroad, 8570 Stockton",Canada,HR Specialist,7047397520,Cosmetics,Offline,M,7/30/2013,641770064,8/25/2013,1100,1258261.6,8/25/2013,2878,437.2,263.33,1258261.6,757863.74,500397.86
Alexander Stone ,Alexander_Stone 1541@atink.com,"St. Pauls  Hill, 256 Reno",Tunisia,Fabricator,9634088796,Fruits,Online,H,3/13/2017,484823930,4/20/2017,1101,84249.9,4/20/2017,9030,9.33,6.92,84249.9,62487.6,21762.3
Jasmine Driscoll,Jasmine_Driscoll942@sheye.org,"St. Jamess  Grove, 5591 Fort Lauderdale",Burkina Faso,Biologist,7059406503,Cereal,Online,C,10/11/2010,547563159,11/4/2010,1102,1020683.4,11/4/2010,4962,205.7,117.11,1020683.4,581099.82,439583.58
Alan Richards,Alan_Richards4295@nimogy.biz,"Dunton  Pass, 3408 Rochester",Iraq,Web Developer,7810488270,Baby Food,Offline,M,4/25/2017,278474080,6/14/2017,1103,1409911.44,6/14/2017,5523,255.28,159.42,1409911.44,880476.66,529434.78
Roger Nicolas,Roger_Nicolas9491@fuliss.net,"Durham Alley, 2612 Rome",Panama,Healthcare Specialist,6338229073,Snacks,Offline,C,8/30/2011,996355521,9/21/2011,1104,395945.1,9/21/2011,2595,152.58,97.44,395945.1,252856.8,143088.3
Martin Dallas,Martin_Dallas9225@brety.org,"Thurloe   Pass, 4268 Valetta",Jordan,Clerk,7574769366,Household,Offline,C,2/27/2015,940318810,3/6/2015,1105,58139.49,3/6/2015,87,668.27,502.54,58139.49,43720.98,14418.51
Margaret Drummond,Margaret_Drummond7723@brety.org,"Bicknell  Drive, 2976 Indianapolis",Andorra,Doctor,9651963731,Cosmetics,Offline,L,2/20/2016,219787776,3/5/2016,1106,3909442.4,3/5/2016,8942,437.2,263.33,3909442.4,2354696.86,1554745.54
Percy Lewis,Percy_Lewis215@hourpy.biz,"Ernest  Walk, 4882 Oklahoma City",Tonga,Steward,9073056959,Vegetables,Online,H,7/30/2011,364498746,8/11/2011,1107,328764.04,8/11/2011,2134,154.06,90.93,328764.04,194044.62,134719.42
Marla Dixon,Marla_Dixon5113@sheye.org,"Apsley    Tunnel, 5890 Omaha","Korea, South",Webmaster,9953558437,Household,Online,H,11/14/2010,274500548,11/23/2010,1108,6460166.09,11/23/2010,9667,668.27,502.54,6460166.09,4858054.18,1602111.91
Marigold Kaur,Marigold_Kaur8375@eirey.tech,"Fairholt   Tunnel, 3120 Zurich",Nauru,Assistant Buyer,6233694651,Baby Food,Online,H,11/25/2016,270154511,12/22/2016,1109,913391.84,12/22/2016,3578,255.28,159.42,913391.84,570404.76,342987.08
Luna Pond,Luna_Pond8250@deavo.com,"Cockspur  Way, 6287 Venice",Iran,Accountant,6895840057,Personal Care,Online,H,9/12/2014,742134463,10/8/2014,1110,239795.82,10/8/2014,2934,81.73,56.67,239795.82,166269.78,73526.04
Charlize Todd,Charlize_Todd284@gembat.biz,"Blanchard  Alley, 285 Worcester",Guatemala,Service Supervisor,6806499006,Cosmetics,Online,C,1/21/2013,801426732,2/19/2013,1111,3862224.8,2/19/2013,8834,437.2,263.33,3862224.8,2326257.22,1535967.58
Lillian Crawley,Lillian_Crawley5893@extex.org,"Mariner   Lane, 2058 Rochester",Cameroon,CNC Operator,7688230840,Beverages,Offline,H,6/30/2010,529330146,8/16/2010,1112,446409.6,8/16/2010,9408,47.45,31.79,446409.6,299080.32,147329.28
Bryon Watson,Bryon_Watson7101@bungar.biz,"Elystan  Way, 9446 Springfield",Canada,Associate Professor,6422707723,Office Supplies,Offline,C,2/26/2014,527456033,3/2/2014,1113,3136227.36,3/2/2014,4816,651.21,524.96,3136227.36,2528207.36,608020
Ronald Redfern,Ronald_Redfern3911@gembat.biz,"Castlereagh   Tunnel, 2302 Jacksonville",Tunisia,Call Center Representative,7915538947,Meat,Offline,M,4/26/2013,567728221,5/12/2013,1114,950096.28,5/12/2013,2252,421.89,364.69,950096.28,821281.88,128814.4
Benny Brown,Benny_Brown5842@twace.org,"Cobden  Walk, 7337 San Antonio",Burkina Faso,Software Engineer,7839754517,Clothes,Offline,C,6/23/2013,942383038,6/29/2013,1115,102504.64,6/29/2013,938,109.28,35.84,102504.64,33617.92,68886.72
Josh Farrow,Josh_Farrow8249@cispeto.com,"Battersea   Lane, 3904 Zurich","India",Stockbroker,7491237498,Snacks,Online,C,5/26/2017,213969314,7/7/2017,1116,1087895.4,7/7/2017,7130,152.58,97.44,1087895.4,694747.2,393148.2
Shelby Taylor,Shelby_Taylor2922@mafthy.com,"Abourne   Street, 9485 New York",,Treasurer,8286427991,Cereal,Offline,M,10/10/2013,165348374,11/27/2013,1117,1874544.1,11/27/2013,9113,205.7,117.11,1874544.1,1067223.43,807320.67
Angel Lakey,Angel_Lakey3227@acrit.org,"Dunsley  Drive, 1630 Milano",,Budget Analyst,8843732465,Cosmetics,Online,M,4/16/2011,849694049,5/29/2011,1118,964463.2,5/29/2011,2206,437.2,263.33,964463.2,580905.98,383557.22
Shay Andrews,Shay_Andrews2785@supunk.biz,"Elizabeth  Vale, 3035 Henderson",,Bookkeeper,6233230546,Cosmetics,Online,C,2/14/2012,140492665,2/18/2012,1118,1642560.4,2/18/2012,3757,437.2,263.33,1642560.4,989330.81,653229.59
