user_id,country,gender,age
100,US,F,33
101,ES,M,43
102,US,M,22
103,UK,F,29
104,US,M,22
105,US,F,43
106,ES,M,32
107,FR,F,52
108,UK,M,22
109,UK,M,22
110,DE,M,30
111,ES,F,47
112,FR,M,57
113,BG,F,57
114,ES,,34
115,UK,M,40
116,US,,36
117,US,F,29
118,ES,F,44
119,BG,M,23
120,US,M,25
121,US,F,22
122,US,M,41
123,US,M,51
124,US,,39
125,ES,M,46
126,UK,F,54
127,ES,F,38
128,ES,F,34
129,US,F,40
130,DE,M,37
131,US,F,44
132,US,F,39
133,DE,,50
134,ES,F,32
135,DE,M,22
136,BG,M,34
137,DE,M,48
138,ES,M,44
139,DE,M,37
140,DE,M,51
141,US,F,40
142,DE,,45
143,BG,F,52
144,UK,M,35
145,DE,F,45
146,US,M,47
147,US,M,49
148,US,M,30
149,ES,M,47
150,FR,F,42
151,US,F,22
152,ES,F,22
153,US,M,35
154,UK,M,22
155,DE,F,57
156,US,M,41
157,FR,M,53
158,BG,M,38
159,US,F,22
160,US,,51
161,ES,F,27
162,US,M,28
163,UK,F,22
164,ES,M,38
165,US,,45
166,US,,38
167,ES,M,22
168,ES,F,57
169,UK,M,35
170,ES,M,39
171,FR,,45
172,BG,M,56
173,ES,F,47
174,UK,F,22
175,ES,M,37
176,DE,F,47
177,BG,,23
178,US,M,36
179,US,M,22
180,US,M,39
181,US,M,54
182,DE,F,44
183,ES,M,42
184,ES,M,36
185,UK,,25
186,UK,F,29
187,UK,,22
188,US,F,22
189,US,F,44
190,ES,M,57
191,UK,M,25
192,ES,F,38
193,DE,F,40
194,US,M,27
195,ES,M,27
196,ES,M,56
197,DE,M,32
198,FR,F,38
199,US,F,24
200,US,F,42
201,UK,,48
202,ES,M,57
203,ES,M,57
204,US,M,34
205,UK,M,25
206,UK,M,25
207,ES,F,45
208,ES,M,22
209,US,M,36
210,DE,,37
211,UK,F,29
212,UK,F,41
213,US,M,22
214,DE,F,50
215,UK,F,38
216,UK,M,26
217,UK,M,48
218,US,,24
219,UK,,39
220,US,M,45
221,UK,M,42
222,US,M,22
223,ES,F,49
224,UK,,24
225,US,M,48
226,DE,M,40
227,BG,M,26
228,ES,M,34
229,UK,M,22
230,BG,M,42
231,UK,,31
232,US,F,40
233,UK,,28
234,ES,M,22
235,UK,,42
236,DE,F,34
237,US,M,22
238,US,M,40
239,US,M,22
240,UK,,22
241,US,F,31
242,UK,M,42
243,BG,F,34
244,US,M,35
245,UK,,22
246,US,F,38
247,US,M,40
248,ES,M,57
249,US,M,45
250,DE,F,23
251,BG,F,46
252,US,M,22
253,UK,,22
254,BG,M,22
255,ES,M,24
256,ES,F,33
257,DE,F,46
258,BG,F,55
259,BG,M,50
260,UK,M,29
261,UK,M,26
262,US,M,22
263,FR,F,57
264,FR,,28
265,DE,M,43
266,US,F,52
267,UK,,42
268,DE,M,45
269,DE,M,51
270,BG,M,40
271,ES,F,31
272,UK,F,46
273,US,,24
274,US,M,45
275,DE,M,33
276,US,F,43
277,US,M,53
278,US,,53
279,US,M,41
280,UK,M,57
281,ES,M,56
282,FR,,22
283,US,,37
284,UK,M,29
285,UK,M,30
286,UK,M,22
287,US,,40
288,UK,,24
289,US,,30
290,DE,F,47
291,ES,F,32
292,ES,M,41
293,UK,,30
294,US,,44
295,UK,M,27
296,US,M,47
297,DE,M,43
298,BG,F,47
299,US,M,36
300,UK,M,57
301,ES,M,49
302,UK,M,35
303,DE,F,43
304,US,,28
305,BG,M,41
306,BG,,31
307,US,M,23
308,FR,M,57
309,UK,,43
310,DE,F,42
311,ES,M,34
312,DE,M,31
313,DE,F,47
314,US,M,47
315,UK,F,22
316,US,M,22
317,DE,F,38
318,ES,F,42
319,US,,42
320,ES,M,46
321,US,M,41
322,ES,M,49
323,BG,F,38
324,ES,M,25
325,ES,F,31
326,FR,M,42
327,ES,M,34
328,ES,F,57
329,UK,,33
330,US,,53
331,DE,F,25
332,ES,F,42
333,US,M,30
334,BG,M,39
335,ES,F,25
336,ES,F,33
337,UK,,55
338,ES,M,32
339,FR,,37
340,ES,M,22
341,ES,,29
342,ES,M,33
343,BG,M,43
344,ES,,50
345,UK,M,52
346,ES,,33
347,UK,,24
348,US,M,34
349,ES,F,35
350,BG,,22
351,US,M,39
352,ES,M,54
353,US,M,39
354,UK,M,22
355,US,M,50
356,US,M,36
357,UK,,27
358,US,M,46
359,FR,M,57
360,ES,M,29
361,DE,M,44
362,US,,40
363,US,M,43
364,US,,47
365,ES,M,36
366,ES,,49
367,US,,22
368,UK,F,52
369,UK,,44
370,US,F,27
371,US,M,39
372,ES,F,46
373,US,M,45
374,ES,F,46
375,US,M,36
376,UK,M,30
377,FR,F,57
378,DE,M,55
379,UK,,32
380,US,M,30
381,ES,F,44
382,US,,42
383,UK,F,56
384,ES,,50
385,US,F,34
386,BG,,31
387,US,,30
388,ES,F,22
389,DE,M,39
390,UK,,38
391,FR,F,53
392,UK,M,55
393,UK,M,46
394,ES,,55
395,ES,M,48
396,US,M,39
397,US,,31
398,UK,M,32
399,ES,F,24
400,DE,M,42
401,US,M,30
402,UK,M,22
403,DE,F,36
404,DE,F,37
405,ES,M,26
406,US,F,22
407,UK,M,48
408,ES,F,41
409,UK,,22
410,ES,M,50
411,US,M,43
412,ES,M,48
413,UK,,22
414,ES,M,39
415,ES,F,26
416,ES,,34
417,FR,M,45
418,UK,,41
419,DE,M,39
420,UK,M,32
421,UK,,39
422,DE,F,34
423,US,,45
424,FR,M,48
425,US,F,43
426,DE,,40
427,US,M,33
428,US,M,33
429,ES,,44
430,US,F,33
431,US,M,41
432,FR,F,27
433,UK,M,50
434,US,,41
435,UK,F,34
436,US,,22
437,US,,22
438,US,F,31
439,US,M,40
440,BG,F,57
441,US,,42
442,ES,F,41
443,US,M,36
444,ES,F,30
445,BG,M,42
446,ES,M,22
447,US,M,33
448,US,F,36
449,ES,M,48
450,DE,F,44
451,US,M,45
452,ES,M,33
453,DE,F,46
454,US,,31
455,UK,F,31
456,UK,M,33
457,US,M,53
458,ES,M,41
459,UK,M,34
460,UK,F,29
461,BG,F,29
462,ES,M,50
463,DE,,41
464,UK,M,22
465,UK,M,46
466,ES,M,51
467,DE,F,28
468,ES,F,42
469,FR,F,57
470,ES,M,51
471,DE,,47
472,ES,,47
473,UK,,32
474,UK,M,23
475,US,,33
476,BG,M,22
477,UK,M,28
478,ES,M,41
479,UK,M,48
480,UK,M,32
481,US,M,41
482,US,,49
483,ES,,24
484,US,F,39
485,UK,M,40
486,ES,F,47
487,DE,M,29
488,UK,,28
489,US,M,43
490,US,M,39
491,US,F,40
492,DE,F,57
493,ES,M,38
494,US,M,23
495,UK,,32
496,ES,,45
497,US,M,26
498,BG,M,45
499,BG,M,48
500,DE,M,30
501,UK,M,29
502,DE,F,30
503,DE,M,49
504,US,M,54
505,ES,M,49
506,US,F,40
507,US,F,49
508,US,M,43
509,ES,M,43
510,ES,M,40
511,US,,22
512,US,,39
513,DE,M,49
514,US,M,33
515,UK,M,34
516,ES,M,38
517,US,F,43
518,BG,F,47
519,ES,F,57
520,UK,,32
521,UK,M,44
522,UK,,38
523,BG,M,50
524,ES,M,39
525,ES,M,26
526,ES,,42
527,ES,F,39
528,US,M,34
529,UK,F,55
530,UK,M,22
531,UK,,56
532,FR,F,57
533,UK,M,53
534,ES,M,53
535,UK,,43
536,DE,F,22
537,DE,M,55
538,UK,F,22
539,DE,,57
540,ES,F,55
541,US,F,22
542,US,,30
543,BG,M,22
544,BG,M,22
545,ES,F,22
546,UK,M,50
547,US,M,37
548,US,F,22
549,UK,M,47
550,BG,M,28
551,UK,F,22
552,ES,F,39
553,US,,37
554,ES,F,46
555,UK,M,22
556,UK,,28
557,ES,M,32
558,UK,M,30
559,US,M,43
560,ES,F,26
561,DE,,57
562,UK,M,22
563,US,M,25
564,US,F,39
565,DE,F,44
566,UK,F,32
567,BG,M,44
568,FR,F,37
569,UK,,46
570,BG,F,35
571,US,F,45
572,UK,F,22
573,FR,F,57
574,UK,M,35
575,DE,,38
576,BG,F,43
577,BG,M,42
578,US,M,37
579,BG,M,42
580,FR,,33
581,ES,F,47
582,DE,M,44
583,UK,,22
584,US,F,33
585,BG,,25
586,ES,,43
587,DE,M,40
588,ES,M,39
589,ES,F,56
590,ES,M,22
591,FR,M,57
592,ES,,27
593,UK,M,22
594,UK,,27
595,DE,F,50
596,US,F,23
597,UK,,22
598,DE,F,39
599,BG,,39
600,FR,M,22
601,UK,M,38
602,ES,M,39
603,US,,32
604,BG,F,49
605,UK,M,36
606,UK,M,22
607,FR,M,45
608,UK,M,30
609,BG,,22
610,UK,M,45
611,US,,57
612,UK,M,57
613,ES,,38
614,ES,F,29
615,ES,,22
616,US,F,30
617,US,F,34
618,UK,M,26
619,ES,M,30
620,US,,54
621,US,,33
622,US,M,39
623,ES,F,32
624,UK,,57
625,US,M,25
626,DE,F,45
627,US,M,34
628,DE,M,49
629,US,F,30
630,US,M,57
631,ES,M,40
632,DE,F,30
633,UK,M,42
634,US,,45
635,UK,F,36
636,US,M,23
637,US,F,49
638,US,M,47
639,ES,F,32
640,ES,M,28
641,DE,F,43
642,UK,F,45
643,UK,F,53
644,US,M,57
645,US,M,33
646,US,M,34
647,US,F,29
648,DE,,57
649,ES,M,32
650,UK,M,22
651,UK,M,51
652,BG,F,37
653,DE,M,43
654,US,M,54
655,BG,M,22
656,US,F,34
657,US,M,32
658,BG,M,22
659,US,M,22
660,US,M,31
661,US,M,29
662,ES,M,45
663,ES,M,57
664,ES,M,38
665,BG,M,57
666,ES,,31
667,ES,F,42
668,US,M,53
669,US,M,35
670,BG,M,26
671,US,M,56
672,US,F,38
673,UK,M,42
674,DE,,22
675,ES,F,39
676,US,M,36
677,ES,M,31
678,US,F,38
679,US,M,52
680,UK,M,39
681,BG,M,23
682,ES,F,30
683,DE,M,29
684,UK,F,45
685,FR,M,33
686,BG,M,34
687,ES,M,31
688,US,,45
689,FR,M,22
690,FR,,48
691,US,,25
692,DE,,47
693,DE,M,47
694,FR,M,26
695,US,M,22
696,ES,M,57
697,ES,M,22
698,UK,M,43
699,ES,F,22
700,US,,47
701,DE,M,35
702,ES,F,44
703,BG,M,44
704,UK,M,45
705,DE,,54
706,ES,F,32
707,DE,,52
708,ES,F,35
709,US,M,54
710,US,M,34
711,ES,M,22
712,UK,,57
713,US,,37
714,FR,,57
715,US,F,27
716,US,M,30
717,US,M,43
718,FR,,42
719,UK,F,31
720,US,F,54
721,ES,M,34
722,ES,M,50
723,DE,F,38
724,UK,M,33
725,UK,F,46
726,FR,M,57
727,UK,M,27
728,BG,,55
729,ES,,44
730,US,,22
731,ES,M,22
732,DE,,43
733,UK,M,54
734,US,M,27
735,UK,M,54
736,DE,F,29
737,DE,M,44
738,DE,F,47
739,ES,M,31
740,ES,M,56
741,DE,M,39
742,UK,,31
743,ES,M,43
744,UK,M,40
745,UK,,26
746,DE,F,41
747,DE,F,32
748,DE,M,29
749,ES,M,25
750,FR,F,51
751,ES,M,28
752,US,M,45
753,BG,M,39
754,UK,,22
755,ES,M,57
756,US,M,46
757,UK,M,22
758,DE,F,30
759,US,F,36
760,US,M,31
761,US,F,29
762,UK,F,26
763,US,M,32
764,ES,,44
765,FR,F,57
766,US,M,51
767,UK,F,23
768,US,F,49
769,ES,M,52
770,ES,F,22
771,US,M,27
772,US,M,28
773,US,F,22
774,UK,F,31
775,UK,F,45
776,US,M,50
777,UK,,39
778,ES,M,26
779,ES,M,53
780,BG,M,22
781,UK,,32
782,UK,M,22
783,ES,M,40
784,US,M,53
785,ES,M,43
786,BG,F,31
787,DE,F,49
788,UK,F,45
789,DE,M,57
790,ES,M,41
791,US,M,50
792,UK,F,57
793,US,F,42
794,FR,,35
795,UK,M,26
796,ES,M,45
797,ES,F,25
798,ES,F,22
799,FR,F,50
800,ES,F,46
801,FR,M,48
802,BG,F,49
803,ES,M,46
804,US,F,22
805,DE,M,45
806,BG,F,46
807,DE,M,43
808,UK,M,22
809,ES,M,57
810,US,,41
811,ES,,44
812,BG,F,50
813,BG,M,54
814,US,M,45
815,DE,,22
816,DE,M,47
817,ES,M,22
818,UK,,45
819,US,M,40
820,DE,F,40
821,US,F,42
822,US,M,37
823,BG,M,51
824,US,M,46
825,DE,M,46
826,US,M,23
827,ES,F,24
828,FR,,22
829,UK,M,36
830,UK,M,57
831,UK,,29
832,UK,,22
833,US,F,41
834,UK,,38
835,FR,M,45
836,DE,F,43
837,US,M,35
838,UK,M,23
839,DE,M,40
840,US,M,32
841,ES,,32
842,US,M,57
843,UK,M,34
844,ES,,49
845,BG,F,33
846,UK,F,37
847,US,F,23
848,US,M,32
849,ES,M,38
850,UK,F,22
851,US,M,28
852,US,,22
853,US,M,39
854,FR,F,47
855,US,F,48
856,DE,F,42
857,ES,M,33
858,ES,M,47
859,FR,M,53
860,ES,M,36
861,ES,,44
862,ES,M,41
863,ES,M,57
864,FR,F,22
865,UK,F,22
866,ES,F,36
867,UK,F,36
868,UK,M,32
869,FR,M,36
870,ES,M,43
871,UK,F,44
872,UK,M,42
873,ES,M,50
874,ES,F,44
875,FR,,22
876,ES,M,41
877,US,M,32
878,ES,F,36
879,ES,M,42
880,BG,M,22
881,UK,,26
882,FR,F,42
883,US,,33
884,US,M,22
885,UK,M,47
886,DE,M,24
887,UK,F,54
888,ES,M,53
889,FR,,30
890,US,,50
891,US,M,45
892,US,F,38
893,US,M,27
894,DE,F,39
895,FR,M,22
896,ES,M,44
897,US,F,46
898,US,F,32
899,US,M,36
900,BG,M,32
901,ES,M,46
902,ES,M,40
903,ES,,45
904,US,M,22
905,DE,,57
906,US,F,52
907,US,M,43
908,DE,F,52
909,UK,M,36
910,US,M,44
911,FR,F,45
912,US,,23
913,UK,M,29
914,BG,M,33
915,FR,M,39
916,UK,M,37
917,UK,F,39
918,DE,M,57
919,ES,F,34
920,US,,39
921,UK,F,35
922,BG,M,39
923,US,,48
924,US,M,39
925,BG,,29
926,ES,F,47
927,BG,M,36
928,US,F,39
929,ES,M,29
930,ES,F,24
931,UK,M,24
932,US,F,29
933,ES,M,56
934,DE,,44
935,US,,30
936,UK,M,22
937,ES,M,30
938,US,M,31
939,US,M,57
940,US,M,46
941,US,,54
942,US,F,24
943,UK,,53
944,ES,M,35
945,ES,F,50
946,DE,M,30
947,UK,,48
948,UK,,33
949,BG,F,26
950,ES,,51
951,ES,M,27
952,US,M,33
953,UK,,54
954,ES,M,41
955,US,M,43
956,ES,M,50
957,UK,F,37
958,UK,M,30
959,UK,M,39
960,ES,M,38
961,UK,F,26
962,DE,,57
963,UK,F,42
964,US,M,35
965,ES,F,52
966,US,,45
967,ES,M,22
968,ES,F,34
969,DE,M,49
970,US,M,45
971,UK,M,39
972,FR,F,48
973,US,M,27
974,US,M,33
975,ES,F,39
976,DE,M,52
977,DE,,41
978,ES,,37
979,UK,M,34
980,FR,M,37
981,US,M,34
982,US,M,38
983,US,M,25
984,DE,F,23
985,UK,,38
986,UK,M,34
987,ES,M,31
988,ES,M,48
989,UK,M,30
990,US,M,22
991,US,M,27
992,US,M,25
993,US,M,22
994,US,M,33
995,US,M,37
996,UK,F,22
997,DE,M,55
998,UK,M,29
999,UK,M,22
1000,ES,M,40
1001,US,M,22
1002,BG,,40
1003,UK,F,34
1004,DE,M,57
1005,UK,,38
1006,FR,F,48
1007,UK,,32
1008,BG,M,57
1009,FR,M,37
1010,BG,F,55
1011,US,M,22
1012,UK,,28
1013,ES,M,57
1014,ES,,32
1015,ES,F,56
1016,ES,F,26
1017,US,F,29
1018,FR,M,38
1019,US,,36
1020,DE,M,36
1021,UK,F,43
1022,US,M,35
1023,UK,M,31
1024,UK,F,29
1025,UK,M,22
1026,ES,M,55
1027,ES,M,29
1028,DE,F,52
1029,FR,F,25
1030,US,,40
1031,DE,,53
1032,ES,M,36
1033,DE,M,52
1034,ES,F,36
1035,US,F,28
1036,US,M,36
1037,ES,F,38
1038,ES,F,57
1039,ES,M,29
1040,DE,F,27
1041,UK,F,54
1042,UK,M,33
1043,UK,M,34
1044,UK,M,45
1045,US,M,31
1046,DE,M,47
1047,ES,,56
1048,UK,M,41
1049,UK,M,22
1050,UK,M,43
1051,UK,,57
1052,DE,M,22
1053,UK,M,22
1054,US,M,53
1055,BG,M,57
1056,ES,M,26
1057,UK,M,32
1058,DE,M,43
1059,US,M,40
1060,UK,M,25
1061,US,M,36
1062,US,M,35
1063,US,M,22
1064,ES,M,22
1065,US,M,34
1066,DE,F,25
1067,UK,F,22
1068,UK,M,57
1069,US,F,36
1070,ES,F,36
1071,UK,M,38
1072,DE,M,30
1073,UK,M,31
1074,ES,F,26
1075,UK,,41
1076,BG,M,40
1077,UK,,24
1078,US,F,25
1079,UK,M,41
1080,US,,57
1081,BG,M,22
1082,ES,M,48
1083,ES,M,28
1084,UK,,33
1085,US,M,29
1086,ES,M,34
1087,UK,M,35
1088,ES,F,32
1089,US,M,38
1090,ES,M,28
1091,FR,M,35
1092,DE,M,51
1093,UK,M,57
1094,US,F,41
1095,DE,M,40
1096,US,M,22
1097,UK,M,44
1098,ES,F,22
1099,UK,M,33
